numberBedroom,numberBathroom,totalFloor,area,frontWidth,inletWidth,distanceCenter,price
6,4,6,55.28,17.37,3.6,6506.87,18990699252
3,6,3,52.57,12.64,3.98,8914.68,3084946906
1,5,2,70.93,5.84,7.29,105.79,17156305406
4,1,1,95.97,16.49,4.61,149.25,9822500967
1,4,6,47.38,15.77,8.01,5315.22,3294619517
3,6,4,67.59,13.12,1.65,8251.88,13868511291
4,5,1,54.72,17.76,6.45,2102.78,24488284747
6,4,3,84.05,8.98,1.96,4462.41,15550212701
6,3,2,42.02,8.74,3.79,6535.89,14300253490
4,5,5,51.24,15.9,8.94,7438.2,25765212633
3,2,6,73.52,8.61,1.55,8579.38,11556723957
5,5,4,66.58,13.23,9.97,4367.6,14959733244
3,3,5,40.91,18.64,5.22,3022.4,25226196084
5,1,5,64.58,17.78,8.17,2796.06,2220166240
2,3,1,83.51,17.57,3.68,5945.18,4338385314
2,1,3,61.25,11.38,2.06,9463.78,5701274575
2,5,5,63.32,14.99,1.77,3067.83,11383843067
6,3,1,77.06,18.57,7.9,395.74,937779993
2,5,4,68.31,15.56,6.6,3220.81,8585073901
5,4,5,97.75,11.59,4.17,3678.43,5468581042
1,1,2,32.32,12.47,8.87,7256.9,9291005356
1,2,6,47.15,14.63,6.96,9899.28,3206328988
2,5,1,76.69,11.24,5.89,7450.6,21387059984
2,6,4,79.83,7.91,5.99,917.86,10934610517
5,3,2,76.06,18.09,6.64,3131.98,10362348731
5,2,3,30.78,19.31,8.75,5363.95,29205557352
5,2,6,41.33,19.97,2.01,4171.49,23075987686
1,4,4,61.89,18.44,4.28,7540.79,19766946629
2,6,4,42.48,11.22,4.1,3584.73,17951513701
5,6,3,60.48,5.37,8.63,7224.2,11578423470
3,4,2,51.62,4.99,2.09,6684.58,16089253290
2,2,6,80.37,3.86,8.56,6335.58,3021179048
6,4,4,91.38,9.66,1.51,5942.96,21279271770
5,3,2,84.14,9.14,8.79,3805.16,20967544460
3,5,1,62.56,7.41,2.88,7139.81,15687225699
4,6,3,87.74,6.86,8.01,6566.04,9006719675
4,5,2,57.89,6.35,4.02,2154.54,25042615314
1,6,3,31.91,4.01,1.21,4908.09,24634250965
5,4,5,72.47,3.74,4.68,9754.92,13271785595
2,4,5,33.3,8.48,1.64,8014.16,19489322608
2,6,5,89.12,18.8,1.06,3857.42,15558190584
1,5,5,88.02,9.33,7.69,9899.43,17241887197
1,2,1,47.73,6.7,5.24,6189.94,23049205472
6,5,1,43.46,9.7,7.06,845.83,5029603963
3,2,3,87.87,6.06,5.78,4971.52,14333682726
4,3,1,68.24,4.24,6.25,5344.83,16042032814
3,3,6,43.36,12.17,8.43,4270.51,27964680650
6,5,4,72.97,18.83,6.35,5144.89,25747752071
6,6,5,40.89,18.61,3.73,3734.61,25075502646
1,3,3,36.6,8.3,4.63,8129.37,9216757553
2,1,6,37.41,18.78,3.69,9025.36,28841493815
1,3,1,48.36,13.29,2.43,9761.95,1038145206
4,1,5,56.22,5.17,9.58,3547.9,5058509066
1,2,2,85.97,3.48,8.15,1891.59,5312357325
5,2,5,75.72,16.6,5.46,599.67,12987314072
1,2,4,80.09,5.77,7.92,3910.13,21193570463
5,2,1,88.19,11.39,3.86,1635.94,21028219197
6,2,6,80.46,13.31,3.89,7455.59,19468337427
6,6,3,34.01,6.27,1.78,3298.61,28518399936
1,1,1,58.2,13.79,1.89,798.8,26557374695
6,3,3,42.16,13.13,7.12,3337.49,13763144034
5,2,6,81.73,7.78,6.87,969.33,5286963573
1,1,1,62.63,11.46,1.29,350.29,28326007775
1,3,5,43.48,14.63,6.91,6713.1,13313435006
1,6,3,42.1,13.51,8.03,755.3,21573100744
2,4,5,62.04,3.96,3.69,1838.66,18246811368
6,4,5,75.27,19.55,1.35,4444.42,29494869540
1,5,4,66.2,18.58,7.22,5794.26,26844878554
5,5,6,85.34,8.41,9.08,9460.36,24398037844
6,4,3,98.86,14.42,1.36,6026.49,4485344155
5,1,1,32.95,16.2,4.26,951.49,9352476864
3,4,3,35.91,4.74,5.5,7528.48,11854629138
1,1,3,65.37,9.33,2.26,9560.1,16159371377
1,2,4,33.37,12.76,3.58,3796.65,9259908476
2,3,2,59.42,16.01,2.2,8069.28,1647221586
1,4,6,34.12,9.94,9.91,7096.25,26925520022
6,1,2,33.03,4.4,7.43,7832.98,12960804723
5,3,1,93.69,12.64,9.28,50.66,8998815241
6,4,1,65.53,17.9,4.69,9083.93,25098131157
6,4,4,93.63,8.32,2.53,244.38,16034388709
1,4,3,43.42,18.42,7.22,9015.7,4966441657
6,5,3,55.01,5.31,1.17,2659.53,23689925746
6,6,1,55.01,15.69,2.55,2366.09,10676946650
3,6,5,54.7,9.9,1.4,2153.34,10096322189
1,6,2,90.45,10.9,6.98,7365.61,15041113486
1,2,2,33.04,16.45,5.95,9472.43,14516394417
3,5,6,45.29,12.77,8.32,6812.47,17077474826
2,1,1,60.53,9.84,7.26,2934.51,2078455198
2,5,1,89.96,10.57,2.16,6641.67,24930948125
1,2,3,91.79,3.64,2.78,6525.62,14694581753
6,4,3,97.85,10.87,7.05,3052.95,2008074781
2,1,3,74.08,12.58,1.25,3927.44,13143432877
6,4,2,33.37,15.94,6.67,4817.74,17869896108
4,1,3,96.08,6.92,4.86,5292.07,9665581611
2,3,3,81.86,7.42,7.51,3384.94,15177264733
5,2,2,71.62,5.88,3.17,3805.67,13577872534
6,5,3,40.77,4.93,1.06,5858.71,18451106873
4,5,6,40.02,17.08,4.56,2678.43,16623431464
6,2,2,64.09,8.59,8.9,264.49,13757646405
3,2,4,59.08,19.29,2.36,5684.45,20408792329
1,5,1,91.7,6.27,5.11,9408.41,7675341226
2,6,3,93.27,11.91,8.23,6108.52,10991670153
5,2,6,92.86,14.91,9.68,447.4,19288757428
6,1,5,66.71,11.29,8.77,8442.38,22323356602
6,3,2,47.54,12.16,8.59,6087.9,3063227012
4,6,1,79.0,6.43,6.64,3800.74,2382666778
4,3,1,30.64,7.55,3.08,5008.68,10045441346
2,4,2,54.5,7.1,6.48,936.01,18636513127
4,6,5,46.84,13.43,5.34,1368.14,728684284
3,5,5,47.38,17.82,9.55,1456.77,23503847743
2,4,1,70.03,7.48,7.92,4058.4,29973190565
5,4,4,56.79,12.63,8.77,2350.47,27105721737
3,5,5,67.7,14.93,2.26,6762.35,19552926199
5,1,6,81.85,12.71,2.88,9899.58,9064557600
5,4,2,35.73,9.17,4.49,2185.78,24187099669
6,3,4,97.7,9.42,4.72,1679.38,20223343500
2,4,1,55.28,11.72,5.59,9697.6,3616551862
5,5,3,64.45,13.34,2.76,9696.31,11668512704
2,6,2,53.04,18.91,1.9,5537.58,29859238846
5,1,4,31.83,11.96,7.41,7253.99,13235683218
3,3,4,41.84,8.71,6.68,399.78,27113914987
5,1,5,88.59,8.15,3.5,9828.39,8065193178
2,2,6,56.83,6.48,9.4,5740.57,20982777172
5,2,2,88.4,9.55,3.47,1202.89,27143190367
6,1,4,47.09,17.87,9.03,7695.56,7147362403
3,1,3,96.17,12.1,8.78,7035.57,2388937951
6,2,3,61.08,11.4,1.13,9066.88,3326093823
2,4,2,91.64,10.2,6.45,8508.72,14267978341
2,5,4,77.04,8.96,2.62,9419.17,23838536220
3,1,6,46.32,4.51,4.42,4254.78,14431720475
5,2,1,99.18,16.65,4.39,2761.77,7418727546
2,6,2,38.85,6.4,9.5,9190.8,27361343930
4,3,2,65.69,11.13,7.39,7142.78,22049685984
4,4,4,81.8,17.55,2.74,1671.7,6013661561
5,2,6,37.91,17.38,4.93,8410.47,25569490272
3,2,6,36.48,18.69,5.93,7589.49,24909237567
2,5,3,55.39,11.68,7.69,4601.26,8126528927
3,4,4,91.71,7.13,5.16,6937.21,8780122075
4,6,1,85.66,6.96,2.48,6032.97,29029596802
6,1,4,36.37,9.55,1.63,23.23,9475324179
1,4,6,89.45,15.32,1.23,1434.99,23199069408
2,5,2,38.81,15.78,8.4,2483.31,7130242223
1,1,1,57.55,3.89,4.32,5473.36,11173285930
5,5,6,83.77,8.88,6.84,1577.93,18203518969
1,4,3,39.32,6.66,5.33,9173.37,9658490537
3,5,4,65.0,9.99,8.39,7020.15,22106647405
6,5,2,35.74,16.88,8.89,8996.42,771507734
3,3,3,38.83,17.27,4.77,4486.88,2241866740
2,4,1,91.12,6.73,4.75,2523.28,1699954155
2,2,2,41.09,18.13,1.4,9900.9,6493198124
3,1,2,84.78,7.05,2.23,4958.96,191620491
3,3,6,61.79,6.97,5.22,3030.67,11446630443
2,4,2,61.77,5.47,9.48,3273.42,17949684977
3,5,4,83.58,9.98,5.52,5064.82,3951926727
3,4,6,45.43,11.84,5.59,4978.31,29787394679
5,2,2,69.29,12.67,6.04,467.26,6665497017
6,2,6,84.16,10.33,8.39,2732.38,15262947456
5,6,6,30.32,13.86,7.25,7364.75,3022082036
6,3,4,71.9,14.07,6.57,5433.97,18840393945
3,2,6,39.3,6.51,1.77,5434.01,14270428352
5,1,4,95.8,17.7,1.08,2715.34,1440975008
5,1,4,86.15,15.34,8.8,4813.29,21478345258
4,5,4,45.8,8.76,4.71,6230.06,17939106765
4,3,2,77.89,13.55,8.67,3708.94,26018661811
2,4,5,61.96,19.92,4.88,9636.53,17548950068
5,2,2,83.2,15.73,2.09,7003.38,24101604160
4,1,4,31.98,15.65,3.19,4993.48,18695778989
2,6,1,91.44,14.56,8.76,353.0,15795690012
4,6,4,51.2,10.63,6.83,5339.31,17124678154
2,2,5,73.96,3.78,8.45,5972.5,15426449035
1,2,5,46.51,6.81,6.1,6071.07,13784297691
3,6,3,79.48,6.51,6.74,3859.84,21247579667
6,2,3,75.45,9.89,1.54,9188.91,11205662666
6,2,5,51.56,9.36,5.57,9173.96,18230788995
2,1,5,59.29,12.41,5.73,8360.32,24877016817
4,4,6,60.61,17.7,5.5,3658.25,679100968
1,5,1,79.71,6.14,4.27,2996.11,13190191141
3,4,5,90.35,10.2,5.23,47.84,4696976696
6,5,4,72.79,6.92,2.46,6909.2,1756074411
6,6,3,72.46,9.58,2.55,2269.48,13731950923
3,5,2,51.82,5.12,7.14,2573.53,28938606226
4,4,3,67.31,17.99,2.0,328.74,12960454557
6,3,4,77.77,16.92,4.5,5128.72,14945122062
2,4,5,30.07,8.23,7.39,2301.28,20940108523
2,2,4,61.04,17.82,2.06,3446.61,6085741151
4,3,3,64.28,11.51,2.44,4827.0,1671473457
3,5,1,40.61,8.71,7.38,2139.15,2427504138
4,2,5,47.39,17.01,7.07,7307.81,4887123229
3,3,5,56.33,7.96,2.38,8496.49,15291069789
4,3,1,63.57,13.05,8.61,1149.83,29815657559
5,4,4,40.08,14.67,1.13,7173.33,27408411489
1,3,5,89.69,19.89,3.3,3849.93,28348021917
2,3,3,62.8,12.07,1.18,8344.32,22310241366
4,3,5,52.84,7.89,1.27,5824.85,6562969419
1,3,6,37.82,14.07,3.16,717.72,17147293746
4,3,2,99.27,14.19,9.94,2547.58,14529129901
2,6,3,57.48,15.86,6.81,4302.6,6400440747
6,2,2,86.18,13.52,6.65,9650.33,12345109499
6,5,5,31.72,19.7,6.92,356.07,22954043434
3,5,4,62.04,10.49,5.09,4016.59,12373255340
6,6,2,50.47,19.32,8.09,8484.2,20599996207
6,2,6,61.12,13.56,7.61,6705.93,2643810491
4,1,2,46.74,15.17,1.42,4777.54,8353301500
2,6,4,35.1,12.71,6.53,4688.24,18224110277
5,6,3,97.94,13.79,1.61,4165.22,5399107963
2,5,4,90.43,19.82,2.02,8410.65,18197348876
1,5,5,93.44,10.11,9.34,2567.62,19568196053
1,6,2,30.6,18.03,4.66,115.12,17731078719
3,6,2,96.38,18.19,1.94,5696.24,6121853004
2,5,6,96.0,19.92,5.45,9208.42,2669922318
1,5,6,53.99,19.08,9.84,3087.64,9642041150
5,3,3,64.93,7.35,6.54,3755.76,14525537666
4,5,1,61.1,9.67,1.01,2274.66,6670070959
6,4,3,31.59,8.29,5.02,8061.54,23344556088
6,2,3,63.72,7.49,3.98,3152.38,15288848334
1,3,1,77.92,8.55,2.68,9559.94,10301922762
1,6,1,47.07,12.1,9.61,8591.8,16921600716
4,5,4,74.84,13.71,5.15,3821.28,24370071207
2,6,3,36.11,17.14,2.91,9340.09,5329605055
2,4,1,90.31,3.28,5.61,2194.11,11758170867
6,3,2,43.93,10.04,4.18,5137.17,4893538331
2,1,6,75.03,9.91,3.97,1282.7,8988382338
5,5,3,87.43,14.62,4.05,9109.63,5407036176
5,5,4,90.8,9.08,7.59,8376.47,13299456090
6,3,3,36.41,17.7,7.63,1450.85,20858080137
6,1,4,94.14,12.64,8.39,6627.54,20919647192
2,6,6,54.29,11.84,2.12,7007.03,11594440214
4,6,1,61.12,9.4,3.54,9547.66,10637938637
3,1,5,30.99,16.38,5.4,7806.58,4597952442
2,4,6,39.44,16.52,7.97,1736.06,8101300974
6,1,6,51.55,16.38,9.21,9339.41,21498793227
2,5,4,78.16,9.91,4.51,2454.07,20794558118
1,5,6,77.65,8.64,4.87,61.64,2075927330
5,2,4,89.35,14.1,9.85,5095.51,18935506083
5,1,5,95.26,4.44,2.99,2610.52,630138349
4,1,3,76.34,13.87,5.76,5404.8,6937762463
2,6,4,96.74,15.87,7.44,6182.37,19850417294
3,3,1,48.56,14.37,1.18,5053.84,11420871654
2,6,2,39.71,8.67,9.66,8996.2,16116060541
6,4,5,56.29,5.36,5.53,2923.11,5737103791
6,6,1,64.97,11.75,9.33,2556.71,16698053044
1,1,3,96.45,12.31,7.92,6696.62,24028724147
6,4,6,33.7,15.44,8.02,1257.3,6958280781
6,5,4,33.96,14.74,4.13,5288.88,1105752374
1,5,5,86.29,8.75,8.57,2302.21,3517359777
2,3,5,99.42,3.28,7.43,5840.97,10449041853
5,2,6,83.33,7.04,6.53,5979.81,3645391554
6,3,4,91.9,8.0,9.69,5801.16,11196344996
3,1,3,88.1,9.7,9.05,4077.19,18949890438
3,5,1,48.9,16.43,1.23,3407.01,10920778267
4,6,2,45.14,10.39,4.63,9228.68,8292190130
5,6,6,59.71,6.47,1.92,4404.78,11203796241
6,6,3,68.71,17.71,1.39,1524.92,5444559607
6,3,6,31.98,15.4,3.49,7681.26,15872913596
5,4,4,36.61,6.5,7.92,7045.72,5869888041
2,5,6,93.12,14.81,2.82,5101.87,22102881903
6,4,3,61.67,5.14,5.77,4987.19,2968251827
1,1,4,71.58,10.22,9.19,7679.01,13813591890
2,6,3,42.35,5.33,1.48,5783.54,4435677966
1,1,6,98.74,15.15,7.6,4220.89,19389076298
1,3,2,62.27,8.49,7.55,2649.83,3086624102
3,6,1,53.2,15.91,1.62,2729.63,12349565540
6,6,2,34.18,18.8,2.0,5311.0,13660597448
1,1,5,87.22,11.57,9.67,1627.43,1649472471
4,2,2,66.19,9.35,8.18,281.08,26814147105
2,5,6,97.56,10.82,1.31,9945.64,8003104392
1,1,2,51.12,17.15,7.45,6712.21,11087499497
2,1,3,91.92,4.54,8.43,4606.67,2137228995
3,4,3,49.87,5.73,8.69,3238.52,22575592922
6,2,6,46.68,5.37,8.9,2871.98,28692763188
1,3,1,85.23,10.79,1.46,4018.96,19641483369
6,3,1,37.42,12.71,4.53,7474.87,3071645234
5,5,6,31.37,8.89,6.27,5226.75,17873007535
2,2,4,77.27,3.66,6.67,151.71,7926951835
3,5,1,80.15,9.7,8.64,2000.59,16821827881
6,3,4,86.74,13.22,9.45,8059.17,21295541388
3,6,6,45.58,8.68,7.62,7100.93,23671489091
6,3,6,78.21,18.24,7.96,3738.88,272947106
6,5,5,70.29,3.73,7.6,7970.6,15999854670
5,5,4,48.33,15.67,9.28,5815.97,559051149
1,1,5,57.88,14.69,5.63,2585.62,6894968319
4,2,6,36.03,7.44,7.02,9741.35,18520998774
3,4,2,68.03,5.83,6.18,6711.59,16819617980
3,5,6,66.04,10.36,2.12,3141.33,2037705130
2,1,2,57.3,10.83,7.64,7412.13,8943982161
5,5,2,95.4,13.26,6.03,8017.98,9717633591
3,1,4,30.82,16.49,8.44,6146.96,14862080813
4,5,5,75.87,11.82,1.14,9066.39,12179079261
6,1,2,36.87,3.43,6.95,9788.89,8473843065
4,5,1,86.43,18.01,2.48,4209.01,5181127802
1,2,5,30.42,7.69,6.98,3248.32,28237251767
3,3,3,59.8,9.4,2.89,2570.06,5035096755
4,6,5,66.79,5.31,3.1,8213.85,12615280516
1,3,4,53.35,16.2,2.2,3542.91,27915938755
4,6,5,44.77,16.42,7.43,4966.35,18308544965
1,2,1,65.18,10.92,6.45,7985.18,28456774946
5,3,3,60.71,6.96,2.05,5793.18,2529513317
3,5,1,66.01,17.34,8.11,4891.11,412738058
1,1,4,98.6,8.92,7.06,5732.11,9715038220
2,6,4,97.44,13.46,3.36,2781.08,3733016077
5,4,2,75.89,13.73,3.59,5126.71,21861891092
1,4,2,71.19,8.46,1.54,2096.65,5853189890
1,5,3,70.68,13.18,2.79,2081.46,27786771405
6,6,6,48.8,5.4,8.81,4741.97,1653654774
3,4,5,63.55,18.92,5.09,9085.78,19009593024
5,1,1,82.69,3.68,6.95,3880.62,2575647196
6,5,6,34.37,16.15,1.6,5785.27,17834885206
1,1,4,93.1,5.13,6.52,9828.11,9094279275
6,5,6,59.3,17.66,1.61,1095.64,9565708061
4,3,6,39.56,17.11,1.63,8800.33,18115624250
2,1,1,92.21,12.39,7.48,6872.74,15169034045
6,1,4,37.13,7.75,4.05,2334.53,23772782627
1,5,4,30.09,10.85,9.68,765.94,7941426166
1,2,3,69.49,17.56,8.62,5332.21,19333211680
1,1,5,56.76,9.74,6.35,2449.42,8239597099
5,6,3,63.55,13.05,3.71,7868.33,7014906170
3,3,6,53.85,11.59,8.56,2416.88,16410327669
3,5,3,76.92,16.14,3.3,9497.01,13775520087
5,2,2,32.72,16.11,6.15,2982.88,4879677736
5,5,2,37.69,12.94,3.01,5439.39,1346511717
5,2,1,37.79,10.87,3.67,5134.86,29882041653
1,2,3,74.8,5.04,7.86,6093.29,9408374070
1,1,1,70.47,6.71,9.83,5286.48,1478008024
5,2,1,62.8,10.17,4.97,2698.85,9037354341
3,5,1,46.97,6.93,4.91,3271.4,2469689751
4,5,4,76.22,13.7,8.56,9942.81,3305029147
3,5,2,79.73,11.15,7.18,7095.49,3629895117
6,3,3,73.44,5.12,6.17,2974.63,29931701921
2,5,5,58.47,14.93,8.84,1629.78,26187390906
1,6,1,39.53,3.49,6.62,8485.46,15049210867
5,4,5,38.99,17.83,9.36,5982.97,29377523571
6,5,4,41.4,11.91,2.84,6151.15,18900462486
5,5,4,83.02,6.91,1.96,1302.33,18038114766
2,3,1,76.34,17.92,2.31,1307.57,1915312207
6,3,2,37.52,11.19,1.81,1723.47,3253272170
2,4,3,55.5,8.43,4.37,4768.99,10916267046
2,4,4,33.24,17.11,3.11,893.67,17591390893
6,4,5,93.04,9.61,4.63,2883.1,21424349112
6,3,2,94.68,17.43,9.48,2329.61,23021774182
6,3,4,82.21,4.64,3.72,1737.07,22377493400
1,6,2,80.66,18.93,6.72,2764.03,13712092101
3,5,1,45.56,16.53,5.81,3152.39,5161683150
2,6,4,58.53,6.94,5.51,2447.73,4479592165
6,3,2,73.02,10.37,1.62,3413.24,5952287922
5,2,4,78.11,14.18,2.56,779.91,2388213065
2,1,4,76.84,6.49,6.8,6389.67,18999136498
3,4,6,81.01,19.05,1.52,2637.04,4154137698
6,5,3,93.81,5.57,5.71,2176.01,21023122225
2,1,6,64.44,19.15,7.05,3236.83,13809460709
1,5,1,34.15,16.45,9.37,8828.43,11638125430
6,2,1,94.54,18.62,8.43,9370.83,13450276450
1,2,5,31.4,5.43,4.44,7503.7,29451227459
2,6,6,57.05,3.55,5.52,120.88,2590890378
5,4,6,65.74,18.5,9.43,2291.31,18158296702
3,6,1,58.41,16.16,7.87,9207.7,26253655026
4,2,4,52.5,5.65,8.64,4257.59,22174711973
3,2,1,74.17,5.14,7.78,268.03,22783895435
4,5,2,55.11,15.29,6.2,1425.87,3754702882
4,5,4,87.44,6.03,6.43,9345.21,25995563470
3,2,1,68.24,8.55,1.21,8522.72,4785526909
6,2,1,77.88,7.98,9.81,9913.93,9997912085
3,4,4,39.98,3.68,3.3,5035.14,15992459948
5,4,5,87.43,5.57,6.77,3506.77,28565757212
3,5,6,89.91,11.22,4.13,896.45,28849790381
1,6,5,32.53,8.74,7.16,9696.51,22144447348
2,5,3,97.3,14.35,7.27,1138.2,7306506966
6,3,5,31.22,3.78,5.12,9009.81,7793605736
6,3,3,68.15,16.17,8.54,8589.52,28482373242
4,6,1,70.5,17.9,6.94,3849.4,1400868817
1,3,2,96.66,8.75,2.91,5513.51,309832575
4,2,4,93.23,19.49,6.53,371.21,16014215243
2,4,3,75.89,12.66,5.89,5499.38,9327832575
2,6,1,57.88,18.95,5.74,5887.6,26730057111
1,6,1,63.8,3.15,1.35,3981.05,12145437572
3,4,3,93.76,8.41,6.67,3875.26,10791177268
6,6,6,40.3,16.56,2.38,4484.19,19514009910
4,4,5,80.87,3.33,9.35,2315.74,994578667
3,6,2,43.3,18.61,4.25,7260.82,17905798506
5,1,6,88.37,6.09,5.27,5195.72,22977247539
1,3,2,78.91,16.87,1.15,8182.71,496472514
4,3,4,76.28,18.39,5.35,2879.71,26775651542
1,4,3,77.63,9.45,2.67,6866.89,11001565532
5,3,3,49.18,10.0,3.89,9198.19,8665327651
6,5,6,44.18,7.98,2.28,7120.68,71677784
6,3,4,37.77,19.4,9.08,5443.51,6061370782
6,1,3,37.17,11.05,3.35,4192.59,4888930243
4,2,4,38.07,14.14,5.87,5160.81,20687377278
6,4,6,45.62,8.22,8.24,9801.32,6824442890
4,5,2,67.46,18.62,2.93,1638.95,28796071160
2,6,5,36.04,3.77,6.5,3850.02,16279899550
2,2,4,44.36,19.02,8.63,5149.53,19256852842
6,2,6,70.48,10.04,7.19,6956.26,22054598823
2,2,1,56.03,7.52,9.84,7450.23,23006337473
2,3,3,69.4,11.99,1.81,3196.6,16246106685
1,2,2,60.19,13.75,6.41,5492.25,9950485588
3,6,2,80.91,13.05,6.11,5510.18,15325972806
1,6,2,67.05,14.32,4.91,945.05,22357854679
3,5,4,85.8,5.44,3.19,4776.5,27460865834
1,5,6,65.47,18.47,1.41,2791.17,12383247384
4,6,2,86.1,16.02,8.42,31.36,7052072154
2,1,5,51.66,13.14,5.26,9645.67,15058221907
2,5,5,39.36,14.74,1.03,3668.68,8088766715
3,4,4,62.41,7.35,2.75,6317.64,1227126335
4,5,5,33.42,19.48,2.43,8862.13,79956384
3,6,6,33.15,9.66,1.57,9127.06,9483445049
4,3,1,90.38,15.71,5.94,2343.33,3384190276
5,6,1,73.76,4.79,8.19,3918.06,23191787576
4,5,2,79.88,9.01,4.64,2316.71,16250100785
6,1,6,76.06,7.04,5.67,8039.46,27047132636
5,3,4,52.03,7.12,7.74,460.19,10661131475
4,1,5,57.86,11.07,9.62,241.28,5186992289
4,4,5,50.42,13.0,5.06,4137.46,4021456627
5,3,4,82.27,3.34,8.64,2742.9,9958089989
2,4,1,56.92,16.78,9.22,6892.6,16129300378
1,5,5,77.68,7.61,3.22,9254.56,2734618977
2,1,3,68.45,4.21,2.33,9284.08,7895489435
5,2,4,41.96,8.75,5.04,9362.07,19198049519
1,6,4,42.56,16.94,4.36,2029.65,22760569412
5,6,3,44.73,8.41,8.17,1770.06,358356120
3,2,3,87.83,19.28,2.68,1585.36,17154073648
6,5,4,35.57,3.35,2.98,3114.9,20994370377
4,3,6,72.61,8.55,6.63,3878.18,521002392
3,5,6,80.96,3.05,8.85,5737.87,28514032963
2,5,4,88.26,17.63,1.81,690.98,20797221898
3,4,4,70.43,4.82,3.12,2002.3,870755497
6,3,5,70.34,19.93,5.01,8277.65,9437039586
2,1,4,36.12,10.85,7.5,4091.42,8709629996
1,2,2,33.89,16.05,7.58,1010.17,26629358952
1,2,2,71.55,15.94,2.82,7594.92,15095595832
6,3,1,96.25,3.97,6.95,550.33,19376330836
6,3,1,91.81,19.6,3.59,2528.84,21171014695
5,5,1,52.34,14.81,2.27,7799.77,5754070142
5,2,3,33.5,12.99,2.7,6635.47,24307338931
5,2,1,63.23,9.46,9.61,3913.85,14881411662
4,1,1,55.97,16.73,8.01,3895.92,29774131916
1,3,6,62.69,12.1,5.42,2860.24,28575225376
5,4,5,31.52,15.62,9.38,5360.97,27242119758
4,5,3,58.84,17.46,1.93,5497.75,17105371746
2,1,4,60.49,3.2,5.22,1817.85,27665109678
6,2,5,44.26,14.08,5.91,1294.32,4982421689
4,1,1,40.85,12.8,9.62,2663.86,3577555975
4,3,4,41.45,5.16,9.78,313.81,2516511089
5,2,4,95.47,4.77,9.29,1328.98,2586637707
3,1,3,64.93,8.8,4.13,6715.51,9913036924
2,5,1,92.41,4.02,6.5,6299.76,26811106854
1,3,6,76.1,13.23,4.39,5477.08,21551671779
1,4,6,95.51,7.93,5.24,8218.04,23700817923
5,5,1,62.34,7.04,7.81,3621.5,24462466666
5,1,4,53.12,5.3,3.5,4477.92,17650169812
6,1,3,80.57,11.26,6.66,8948.96,12291321141
4,4,1,54.79,11.06,6.05,3062.96,27183434554
4,6,1,57.52,10.67,5.68,7258.37,9103760082
3,6,5,45.2,11.04,6.04,5885.97,18614398451
6,3,3,39.11,6.75,1.91,2907.98,17138200047
1,2,5,56.64,3.75,8.15,9602.71,4835257349
3,2,6,68.24,11.96,6.36,2488.08,4723554097
3,3,1,68.77,18.6,9.07,5180.8,20509439606
4,6,3,35.51,13.61,9.7,4269.97,10751342339
1,5,3,89.47,7.24,9.94,1561.29,22356785958
2,6,5,76.2,14.51,4.26,955.58,20784843634
5,5,1,75.79,5.54,4.86,2429.9,9049355010
6,5,4,79.77,5.75,2.87,3501.83,16260092243
1,3,6,60.52,17.66,3.32,8063.3,25206015202
5,1,1,65.89,9.52,4.51,9634.41,14663388807
6,6,1,79.06,11.28,7.16,7655.59,3791716558
4,2,6,31.17,4.26,5.84,6747.84,7114007045
6,1,5,53.01,5.07,6.95,4432.54,23296402178
1,4,4,62.37,17.53,9.02,6448.92,20403339322
5,1,6,81.14,18.48,5.02,5136.85,2345921425
2,4,5,81.12,8.76,7.72,5057.53,20733513491
4,1,1,88.68,19.51,9.42,783.06,2392161362
4,3,4,33.78,8.96,7.56,8748.9,18485822376
4,2,3,89.54,3.66,8.62,7162.53,21249232674
3,5,6,39.62,15.58,6.43,1444.84,14434172619
5,3,5,91.91,18.47,5.96,3962.19,17741741446
1,2,3,86.62,15.25,8.59,7314.69,21193417001
3,3,3,94.35,18.52,6.32,4958.63,15236932190
1,4,6,31.19,8.97,1.24,4360.67,18539149454
5,5,2,70.76,11.7,6.63,3564.71,12762217055
3,1,6,56.27,8.44,1.38,8250.14,11277351954
3,6,6,79.14,18.71,4.3,6619.15,16572648576
5,2,4,81.25,13.16,7.8,3810.66,15289643531
6,4,2,88.95,18.64,7.78,6014.65,23778896941
3,2,2,76.71,13.59,3.11,9282.54,20552864853
6,5,2,52.45,18.95,7.87,8647.53,24604434335
1,2,5,95.6,19.46,9.37,9330.24,29932821583
6,5,2,47.06,7.89,8.46,4256.51,19040089327
4,5,6,47.55,10.63,2.03,7544.25,29127475009
2,5,6,69.36,14.28,1.35,5275.4,25207729091
5,1,2,89.44,17.37,3.43,6689.92,71604924
5,2,1,48.14,14.23,1.19,3727.12,674955094
4,1,1,90.34,19.7,6.64,2974.39,7056491882
3,4,3,84.88,6.52,2.43,2105.49,26514251993
4,4,5,70.85,5.79,8.28,766.35,10539075232
5,3,3,47.19,12.49,1.78,2121.56,9716096174
4,4,2,67.21,10.67,3.91,5736.45,6151639926
5,2,2,63.73,4.66,9.1,6108.8,423802953
6,5,6,58.16,15.59,8.59,8804.84,24166657979
1,5,1,74.36,14.43,9.07,7436.11,24525366622
3,2,6,39.37,17.79,1.8,9281.73,13940695919
1,5,3,60.55,8.03,6.95,9504.04,16717641872
6,4,1,76.62,8.02,4.53,899.6,14603331082
2,4,6,90.53,15.75,4.43,7835.44,22463475004
3,3,5,79.68,13.67,5.67,7901.38,24344568351
5,3,3,67.27,14.61,3.89,125.91,1488590439
5,1,5,99.33,10.67,5.84,5485.81,23107118315
3,3,1,42.7,18.18,2.32,5885.34,15701950979
4,6,1,46.81,4.66,8.47,6193.68,10591427567
5,2,2,47.09,3.67,7.38,3877.23,26549969791
4,6,5,48.97,4.15,4.06,3785.78,10042873527
4,3,6,54.5,6.45,7.83,3220.16,25732037030
1,3,1,90.11,19.06,7.47,6884.91,5082144434
3,2,4,89.34,10.1,9.95,6358.22,21794692337
4,5,1,52.57,19.4,6.3,5885.49,26250185288
1,2,1,89.94,8.24,7.95,2582.11,26374612397
2,6,1,45.87,4.58,8.2,7451.46,2033535102
3,3,5,51.12,14.01,5.28,2100.57,16299354832
2,3,1,38.98,9.79,9.49,6820.57,16586113021
5,2,1,39.95,8.58,5.56,4267.52,17840784648
2,3,4,76.85,19.26,1.19,5047.87,6080621733
5,6,3,99.87,13.12,4.5,9347.44,24868583872
1,1,1,84.14,19.78,9.74,732.07,18726467602
3,3,4,73.51,11.87,6.78,9541.37,15357190016
3,6,4,54.79,11.17,1.62,268.18,29665445806
1,4,2,74.91,14.8,3.06,8063.87,26415390400
6,3,3,64.71,4.2,7.34,1920.29,15337601360
6,4,2,52.47,3.55,5.76,9800.4,14949973040
2,4,5,38.32,13.07,8.23,2547.07,24823808959
6,1,3,50.53,4.17,5.14,3688.28,25065888057
2,2,2,80.88,10.68,1.4,7419.0,12577545620
2,6,1,48.79,8.58,5.15,9670.78,14529770828
5,4,6,61.7,14.9,6.69,8523.38,18117482125
6,3,2,43.27,17.96,4.66,8276.03,22390237230
6,1,4,97.53,13.47,7.79,6317.07,12895741296
6,5,3,60.59,5.97,4.32,2194.51,14519091913
6,2,3,30.64,8.47,6.19,943.19,18600474216
4,1,2,71.83,13.47,1.31,1482.94,16692849255
1,1,1,49.6,18.58,7.81,3470.45,5502333723
5,5,5,97.46,11.08,6.12,1177.62,7770440243
5,6,1,72.29,10.78,5.12,8536.78,12269704095
5,5,6,44.1,5.69,7.18,7166.83,18940228057
5,2,5,70.82,15.13,1.82,2492.23,2722594992
3,2,1,96.04,9.74,2.71,8178.52,13122967261
2,6,1,55.55,18.64,7.09,8631.73,7643681652
3,1,2,38.78,12.55,7.67,587.31,29982985819
4,1,3,46.46,3.89,2.83,5014.47,17904280890
4,2,1,71.78,9.93,3.38,3650.14,21410385170
1,4,4,83.5,6.17,2.39,9611.12,7743896460
4,6,4,32.55,11.34,9.34,5508.04,2434772010
5,5,5,37.45,8.79,7.27,7886.69,23932796680
5,6,1,68.35,4.56,2.36,4834.11,6465444034
2,4,2,37.21,9.0,5.88,8679.57,3430545953
6,3,5,73.89,17.92,5.31,7001.6,385534371
4,1,2,78.73,12.84,1.16,5229.55,1698345855
3,6,6,68.24,18.98,2.69,8704.13,26338317966
1,2,2,39.62,18.15,8.5,2931.7,22443595197
6,4,4,72.55,11.97,3.01,6364.34,17976479360
6,5,2,46.66,13.13,3.83,6431.68,3068191872
6,4,6,31.38,4.61,5.06,1450.68,25297411011
6,2,6,88.39,9.13,5.41,3912.02,3902940922
3,1,4,80.67,3.41,4.4,3215.35,6967919839
4,6,1,91.88,10.48,4.88,2764.96,22470074706
5,5,1,91.67,7.99,2.47,3544.27,5834762414
5,4,1,93.09,13.15,7.86,9912.41,29116328543
5,4,5,93.32,18.31,1.04,3170.55,3599246584
3,6,2,85.26,16.43,2.3,3862.27,18937821756
4,2,3,55.02,8.35,9.1,9833.53,20868814598
1,6,5,43.87,15.82,9.89,8520.75,18499598620
3,3,4,51.7,19.33,2.76,1291.94,18342366162
4,6,4,88.72,4.82,9.91,7593.36,11134634572
2,6,3,71.68,8.43,3.67,8117.5,2076737702
1,4,5,63.17,18.27,5.79,7351.19,8008686776
5,4,2,99.34,13.76,6.66,6739.22,17897158700
5,4,3,84.19,12.06,8.63,5268.33,5064652608
3,4,5,71.11,16.06,5.31,8854.58,20397961791
5,5,5,35.62,18.33,5.46,6428.08,3524252405
3,3,4,62.75,16.77,1.3,7038.58,2304083902
1,4,6,69.53,3.76,1.07,7426.39,29925448274
5,6,6,36.1,15.89,3.71,668.99,21210753496
2,6,1,52.48,8.76,3.45,7665.5,22814559529
1,2,3,73.61,10.61,3.22,3557.4,22760274707
4,2,6,46.33,11.54,1.03,3928.11,1929171548
3,3,2,47.52,19.98,9.9,4940.16,12029354644
4,1,1,97.41,18.11,6.28,5670.37,10915529029
6,6,5,83.13,7.37,8.12,2933.1,6778900154
2,2,4,71.45,17.65,4.2,2339.98,6995730645
3,2,2,33.42,7.88,1.34,8021.36,18753728940
6,5,2,91.67,6.14,2.54,4778.27,10005454455
5,3,4,67.84,19.52,3.71,5999.93,24208676287
5,2,4,79.45,19.32,6.86,7021.13,25573701319
2,4,6,51.18,10.25,9.05,6980.21,25816378885
4,2,5,76.74,3.9,3.35,7775.76,29130574398
2,5,6,79.78,8.87,2.55,7996.37,3041645823
3,4,3,99.16,17.62,1.2,5854.56,13046187305
1,5,6,99.71,7.94,7.03,8369.6,28573527979
2,3,3,65.1,10.36,8.1,9677.62,13890744070
6,5,3,66.19,14.23,2.47,1487.98,20182435143
4,3,6,59.48,9.63,7.91,6245.49,3741979673
6,2,1,91.17,13.76,5.04,3913.65,19970239890
4,2,1,45.04,12.96,6.33,4563.48,17957004299
1,4,6,68.23,4.46,8.01,9642.78,1428321661
6,6,3,68.98,16.13,4.24,8517.53,13160541421
3,5,5,52.71,10.32,2.92,7671.66,2097265225
5,6,6,72.46,5.89,3.26,1036.11,14948040309
6,2,3,51.83,10.71,8.05,3365.32,29822006305
4,4,4,86.3,15.2,1.96,5152.95,11267373356
3,3,3,55.13,10.6,1.56,2590.0,3142303378
3,5,5,70.04,6.08,7.36,741.19,9450547348
1,4,2,86.13,9.95,3.74,5814.13,4685197223
4,1,1,30.54,15.94,4.19,4268.0,8034209108
2,4,1,59.27,13.97,5.6,1383.24,4037021342
2,3,3,79.55,10.35,5.62,6029.89,20482598748
4,6,4,60.01,17.22,1.86,4712.77,20446138183
5,6,1,97.6,8.99,4.58,6464.27,5120140163
1,3,5,79.66,3.65,6.01,5762.61,151023633
4,5,3,35.48,6.82,2.66,9741.44,19983887712
2,3,6,61.87,10.55,8.04,4819.71,23729161055
2,2,1,46.83,9.46,9.27,5536.89,25547539777
3,1,6,65.94,3.41,6.81,386.56,28037802666
6,5,6,43.04,4.51,4.14,8754.3,215376991
5,3,3,61.26,15.76,2.74,4704.23,28637026421
5,5,3,59.4,5.11,7.37,4429.3,29613061353
1,2,2,87.33,18.26,2.18,5951.95,27071031493
5,3,5,79.07,8.34,3.45,1214.09,24184952233
6,4,4,41.02,18.65,8.74,9273.55,8976486598
3,3,6,67.09,19.83,5.24,1060.68,25316143408
1,4,3,91.69,10.0,2.11,2537.6,22100235480
3,4,2,89.14,13.25,1.38,9297.23,197361012
6,5,6,88.0,4.51,2.94,507.64,26994343497
4,4,2,39.59,5.06,9.64,6211.05,16757556290
1,1,4,53.48,5.53,6.79,5500.36,7134794599
1,4,4,32.13,5.24,7.74,4067.16,19132356591
5,2,4,34.05,3.63,5.57,5394.4,23665463234
1,1,3,46.68,13.95,4.8,9124.47,11737795233
2,3,6,42.17,19.93,6.68,5812.08,29837239179
2,3,4,35.82,6.11,3.61,6316.69,11951855829
5,2,2,52.55,16.74,9.19,848.99,14739287065
1,3,6,37.75,18.77,2.07,2268.8,25040511101
2,4,1,96.55,10.82,8.23,9960.15,16722859218
2,4,2,32.84,19.84,5.17,1240.46,22723825796
3,3,4,86.92,3.74,9.5,4650.63,22606446128
6,2,5,92.77,17.67,1.12,5319.34,3001289582
1,3,5,99.02,4.75,9.47,4447.39,28789521320
3,6,1,90.63,4.96,7.61,5942.12,3426816452
4,5,3,50.82,17.56,8.39,9029.36,16992215218
3,3,5,32.38,13.32,8.08,1585.09,11285116039
1,3,4,79.05,15.63,3.68,400.5,1238212215
5,3,2,54.52,11.92,1.61,7224.42,14783598542
3,2,2,33.23,10.01,7.68,115.17,12701022787
3,4,2,55.58,8.99,8.3,2751.89,28528736699
6,6,6,54.68,15.29,9.34,151.56,7846323580
4,3,3,63.05,19.27,4.25,7537.48,3210920451
6,6,2,81.9,18.28,7.24,7149.16,28632045027
5,4,4,89.77,5.98,9.13,7468.7,3078854176
6,3,2,65.57,10.7,5.27,722.04,26690792541
1,5,2,48.8,12.76,5.76,7851.2,11317166291
4,2,3,62.11,8.85,9.52,1379.74,17618540367
5,1,3,54.5,17.11,3.92,8517.53,246023636
4,1,6,74.38,5.36,1.33,6951.1,8668339114
5,2,6,37.54,6.42,8.01,7498.88,12864257926
5,3,6,90.11,14.0,3.06,134.02,1534891842
1,4,5,74.13,7.21,8.67,7930.51,27266946544
2,5,3,91.47,18.43,9.08,1339.44,12857011620
4,6,6,82.27,16.86,9.48,4213.65,12858838045
1,6,3,63.63,6.13,1.26,8989.46,18519664107
3,6,2,82.64,12.9,5.04,7946.13,14451125563
5,5,4,46.86,6.22,3.39,1455.95,1826731888
6,1,6,70.23,15.06,6.33,7660.72,28551786030
6,6,1,59.57,9.59,8.24,9030.12,4909312400
2,3,6,65.41,16.87,2.07,9147.13,18522874135
4,2,4,68.09,6.47,8.34,6319.73,17361718672
6,4,3,91.05,15.3,7.28,7049.52,18336027903
3,3,5,30.4,5.91,7.36,1939.81,1661053871
5,3,2,68.54,4.57,2.61,3848.4,4101798815
3,3,1,69.63,12.26,4.68,4698.35,13465358337
4,4,2,31.88,16.53,6.94,6007.26,4719873090
3,5,1,65.75,12.01,8.75,2251.82,3032066485
4,3,4,78.56,4.43,4.19,8296.56,1050998628
6,5,4,38.6,19.1,5.97,8979.26,4250561355
3,3,2,60.64,11.53,6.65,2337.44,2509494659
6,6,5,64.52,4.93,7.85,2587.26,940192756
4,5,3,81.06,11.4,1.48,5958.62,29964984152
5,5,6,76.09,19.08,2.54,64.6,15140392736
1,6,1,38.58,9.4,5.67,7873.45,19490292747
5,3,3,31.52,3.48,9.76,5798.43,22982098988
3,5,1,98.97,9.87,8.58,6329.96,15438196990
3,6,1,56.81,9.14,5.34,7221.56,925896421
3,1,2,98.51,5.3,1.08,9747.43,28158807655
2,5,5,73.42,4.89,5.86,5122.34,12195590440
4,4,3,31.47,7.64,8.53,7556.27,22808123725
4,1,5,77.84,7.06,2.5,3535.78,6461475128
4,4,2,67.29,17.59,4.56,9712.08,16205077066
6,2,2,51.92,8.96,2.58,8806.15,12028637763
3,3,1,74.28,4.09,8.91,4629.83,26593098048
2,6,5,58.89,8.75,2.41,6596.65,28954608249
4,3,5,97.89,17.23,6.14,5982.04,27608850352
2,3,2,92.69,5.55,5.59,5830.01,23728874850
3,5,2,94.91,14.29,6.98,2819.85,24812565611
5,5,1,58.9,13.54,5.8,5940.31,22017725805
1,4,5,95.15,5.18,2.78,9495.55,21653336467
3,1,2,78.03,16.89,9.43,5696.91,919448669
1,4,2,94.57,12.99,4.73,1397.13,10219516137
5,5,6,66.94,14.93,3.47,1076.16,19246342126
4,3,1,40.13,7.94,1.69,6017.49,7841554068
3,1,6,33.41,13.07,3.94,9410.59,12182665617
6,6,2,59.3,19.37,6.99,1985.31,28429619746
3,5,5,96.32,18.43,6.64,3273.94,3358308958
5,4,3,62.01,11.55,5.67,8849.57,23475852932
5,3,6,73.35,19.41,8.33,7149.09,3013179285
5,6,5,30.2,15.56,1.64,3675.74,12331547663
2,5,5,34.43,5.72,6.33,8348.86,13580211461
5,2,1,43.25,14.95,7.33,9470.94,24849799471
4,2,1,98.24,17.73,1.98,5950.69,29181167765
4,2,5,56.12,3.57,4.61,9081.32,13428087033
4,6,1,40.8,18.16,3.66,6750.79,3966104449
3,5,4,66.05,8.32,5.26,9457.31,27717520545
1,2,6,86.23,14.98,8.3,4645.46,3322462669
6,5,3,44.29,12.76,3.05,4396.31,4778532503
2,1,2,68.83,5.18,7.79,9366.14,25031814587
5,2,5,74.61,15.7,6.37,1418.2,11859055874
6,1,6,69.05,19.8,5.37,4412.08,9002693105
6,5,2,53.96,12.05,3.66,7639.61,24607443549
1,5,3,94.37,5.99,5.38,8558.43,7006246382
3,2,3,34.09,19.35,9.75,2508.89,4939678964
6,1,2,57.51,5.32,9.45,9823.81,13663185252
4,4,4,53.02,11.05,6.51,9119.45,21865075693
5,4,4,56.55,9.32,2.62,1251.63,7570101777
1,6,3,74.47,11.55,3.84,1141.42,15247436545
6,4,5,82.17,6.6,9.85,8550.22,23621965914
3,4,3,70.42,11.74,1.28,8902.43,25137149567
5,4,5,68.51,4.49,9.74,9373.67,27361763294
2,5,5,65.62,17.73,2.25,2232.79,7337061930
2,2,6,52.14,5.97,5.11,3702.19,19846252726
1,6,3,51.23,16.2,1.12,4282.4,16026339192
3,3,2,40.64,8.45,8.26,97.28,18033117500
4,4,3,35.52,10.96,9.55,7536.39,20704684661
1,1,4,33.71,6.89,1.18,8223.29,28938663371
6,1,6,38.22,13.45,7.28,9737.27,11493648453
3,5,3,45.4,16.83,8.18,2417.03,17276172416
3,4,1,86.05,6.37,2.54,8734.14,258413668
1,5,1,62.95,19.64,2.67,4035.43,11791992603
2,4,4,98.91,17.49,3.6,8807.49,15965173225
2,4,5,70.5,17.29,5.37,8827.88,10806725585
5,2,3,59.91,8.48,2.02,9370.6,21888263554
5,5,5,71.92,11.81,8.64,8426.48,3762844166
4,4,2,64.74,5.12,4.97,8016.19,25977980359
3,5,1,84.62,16.29,8.67,2020.82,20965774540
6,3,6,61.23,19.97,2.11,2642.74,4766819326
1,2,5,32.93,5.54,6.48,34.5,14129217307
4,3,2,34.89,5.47,5.96,973.08,23480460669
3,4,3,86.2,14.49,4.78,5284.14,7961045197
2,5,3,46.31,6.42,4.85,8384.67,21417226599
2,5,6,89.71,19.98,2.09,5900.28,23168270660
5,2,5,32.37,7.87,9.4,1464.74,17670496885
3,3,4,53.36,4.67,1.13,5988.34,16564387961
4,1,6,71.07,17.53,8.74,2328.58,9686615576
5,6,5,80.1,3.58,9.74,2936.76,6216654904
2,4,1,83.81,17.29,9.13,3997.47,28022510218
3,1,1,46.55,8.5,5.67,8103.16,17386926410
6,6,1,35.25,12.29,1.88,157.47,15099223576
2,4,1,73.64,8.19,4.24,3121.07,14373771438
1,4,3,38.12,12.85,7.55,600.48,10644935384
6,4,1,89.67,16.65,4.59,1185.41,12164697981
3,2,1,98.11,13.15,1.36,1742.38,26250283791
4,2,5,58.35,11.32,5.3,9934.93,19372539155
6,2,2,50.91,5.8,7.36,8349.0,7373904734
1,3,5,72.45,4.3,3.55,7954.05,13865196056
5,5,6,48.54,5.34,6.28,748.98,28233792002
3,3,1,42.77,6.2,5.9,6437.77,13325817559
3,3,6,49.45,12.6,5.63,3004.28,1343641377
4,5,4,39.48,12.61,3.78,1046.46,21382052061
5,1,6,75.48,3.91,7.84,2205.57,25768127363
1,2,3,74.72,5.26,3.07,549.09,20402657485
3,2,6,79.73,10.23,9.26,2001.48,11069289131
1,4,4,38.78,18.33,2.98,2548.83,14417740576
3,5,1,83.65,13.78,2.57,9625.21,27917905100
4,4,5,94.54,5.48,2.06,9813.72,16898045807
5,6,2,59.16,6.71,9.28,4016.52,15737211122
6,6,2,44.45,11.83,6.29,9939.35,6044431461
3,3,1,91.6,13.9,5.98,5077.78,23933105036
1,6,2,88.01,10.24,8.34,1793.41,24525513855
2,3,2,55.68,14.59,9.14,9034.78,17922524887
6,1,6,52.92,18.2,6.03,5082.24,4694042754
2,5,6,78.55,10.93,8.51,6290.69,17345761467
1,1,2,41.27,10.2,7.86,6260.88,6002762217
5,5,3,83.61,8.5,9.3,767.81,2271636411
4,6,3,70.28,9.84,9.61,8953.17,27699822090
2,2,6,63.68,13.08,1.7,2113.27,16586747076
2,4,5,94.48,18.28,1.9,3328.32,20144433673
2,2,4,66.12,5.95,2.01,869.49,929904524
2,3,1,43.51,14.8,3.65,5909.05,7311256287
3,1,6,76.11,4.13,7.34,4091.26,9156749016
3,2,4,68.13,5.84,3.48,5008.82,3323465945
1,1,2,59.16,3.26,3.69,77.66,9594004459
4,6,5,59.19,13.57,4.95,6296.07,10798219545
2,3,5,57.5,11.64,9.79,5115.17,18960528755
2,1,1,56.88,15.2,3.5,4701.5,5735354427
6,4,4,52.83,3.58,4.43,3333.78,4203859435
3,2,1,76.26,10.06,7.93,4718.09,10638671803
4,6,1,82.19,5.51,2.83,829.22,15280988959
1,5,4,86.05,18.36,5.48,9698.06,14423794693
5,5,2,33.9,14.0,1.14,8987.75,25785270215
2,1,5,40.15,3.63,1.72,9168.0,15218297460
5,3,4,47.93,13.74,7.4,5332.76,23423493165
3,6,3,51.33,7.98,1.56,5870.22,15714138583
3,5,1,36.87,12.59,7.34,1209.3,18012079169
2,5,5,88.26,11.5,7.98,6006.24,25782916671
2,2,6,79.01,14.81,3.11,9117.35,26228517764
2,3,5,36.95,17.18,8.83,9274.39,27666781333
3,6,5,43.27,16.8,6.25,1305.86,19955465272
5,6,4,57.98,7.87,2.51,5369.91,9432074388
4,4,5,50.98,5.13,5.57,3619.23,461997305
1,1,2,81.9,14.01,3.55,4219.01,5734871889
4,4,3,77.7,10.09,8.75,8233.85,24787448445
4,4,5,56.85,18.33,8.97,11.83,23096224730
6,3,6,67.65,16.5,3.37,4213.53,8110115997
4,4,3,64.42,5.53,3.49,1249.93,12853160975
6,5,1,37.2,4.01,5.21,7106.65,8696424941
6,2,4,68.16,16.17,5.85,8235.42,14051909320
1,1,5,82.17,18.93,8.69,64.82,1758250457
2,3,2,90.77,17.84,8.87,5557.36,21209218825
1,5,2,61.63,13.62,8.91,7550.61,25508627626
5,3,6,87.24,6.59,4.24,7270.01,14578935643
4,5,5,71.26,13.7,5.8,6832.35,3454331495
6,1,1,98.36,7.95,4.89,6083.55,21256578678
5,5,4,57.08,12.35,9.14,5550.95,14643475155
4,2,1,48.04,9.43,8.72,2349.9,25202981112
6,3,4,75.08,6.57,1.05,468.05,7330528923
6,3,5,77.93,11.03,7.37,6818.13,253681358
5,3,1,87.24,9.55,1.03,8796.41,22114751658
1,5,5,55.75,18.65,8.43,8664.99,13805999614
4,1,6,37.77,3.33,5.76,6180.21,25648218384
3,4,5,89.36,4.33,9.05,4711.59,24478586500
6,4,2,76.69,13.28,8.35,7692.77,28038683276
6,6,1,39.83,7.74,4.11,7330.65,25986633204
2,1,2,47.92,11.66,4.34,2100.11,13374547687
3,4,1,71.67,13.84,8.49,4211.62,9593720095
6,5,4,88.23,13.97,1.54,3003.63,18859255332
6,3,5,58.19,10.49,6.81,3677.32,20461792667
1,5,5,63.21,4.02,9.38,8066.8,4029063628
3,3,6,78.12,9.93,2.05,2662.26,19346039129
5,4,3,33.41,19.53,8.82,7089.87,8417874906
1,6,3,99.39,16.25,3.96,6441.84,2466181252
1,6,1,87.67,7.07,9.8,9632.79,24277382567
6,1,1,70.82,3.65,1.85,3279.69,18721637515
2,2,6,85.25,7.55,4.52,5785.6,176276557
5,4,2,30.21,15.6,6.66,5016.31,13095137042
4,6,6,79.87,15.66,1.16,9999.69,7435837990
5,5,5,30.8,16.05,6.36,7046.4,28874858419
5,4,2,40.81,4.57,2.02,3694.74,9328735445
5,1,3,36.27,4.77,4.62,5955.67,3281810246
3,4,4,97.58,3.25,4.93,9843.79,2796676016
6,6,4,30.12,6.05,1.84,9067.81,23258452002
1,4,6,87.39,5.08,5.18,8556.25,20703446814
2,4,5,98.42,16.06,5.83,4177.1,17454412164
3,2,5,32.02,15.95,3.43,9488.88,6305043559
3,2,4,63.76,3.04,5.76,2911.97,17888010538
3,3,4,53.19,9.1,7.33,8369.62,29587089995
6,5,5,52.5,13.16,9.56,8764.07,21426815686
1,2,6,30.15,16.0,2.45,8150.39,29167049892
5,3,6,85.47,7.96,4.82,6549.31,17664423431
1,2,5,56.72,3.75,9.95,7072.61,18258080090
3,6,5,65.23,15.05,3.22,3410.83,14253307084
6,6,5,69.01,15.3,7.89,3225.03,8923463845
4,4,2,53.09,14.69,5.94,1075.36,29966480344
4,5,5,36.21,19.8,7.0,4104.85,29849583313
2,3,3,83.05,8.71,3.37,3537.99,28041911002
1,1,2,46.44,11.57,2.31,2929.24,12020747805
4,4,6,91.05,16.44,2.13,7067.73,12096313098
3,2,6,45.62,7.35,6.88,9387.05,29795858074
2,1,5,74.94,4.34,2.84,149.64,16012606841
3,3,1,55.57,11.93,7.39,8192.32,26041420106
1,4,3,47.31,14.44,9.04,9147.05,7435394571
4,1,2,98.08,4.87,3.03,4975.96,9475882355
5,6,1,67.84,17.33,5.08,7108.83,27284606953
5,4,3,96.6,17.37,4.33,8331.39,1479711095
4,3,4,51.09,3.76,1.62,1495.35,27318919515
2,2,2,63.31,5.58,1.21,9901.18,2540922833
5,5,1,72.29,5.28,1.93,362.27,29242886858
3,4,1,53.68,16.04,7.65,6263.12,2663085640
3,2,1,91.09,7.68,9.85,4836.43,11894919838
4,3,5,95.98,12.81,2.3,4849.34,1017483518
4,5,1,82.11,4.0,7.14,4657.64,19918520892
6,3,3,46.75,20.0,5.29,6608.97,5786329527
4,2,4,47.65,17.05,3.42,9903.92,20156430310
4,4,3,97.84,9.03,3.08,2138.37,19455580390
5,3,5,68.12,14.32,5.69,6048.27,20772868213
3,1,6,59.75,18.96,2.04,8550.61,3802442638
2,4,4,54.63,19.6,5.71,7240.87,27819801602
4,4,2,30.03,18.03,5.59,3995.39,23368529280
4,4,6,50.04,13.97,8.86,2447.64,9402847060
5,1,1,38.39,3.17,7.59,873.33,8046298650
1,3,2,44.11,14.45,4.92,8380.3,17794705950
5,6,3,40.85,19.27,2.07,89.06,4672646788
2,2,3,42.25,5.97,9.67,5454.58,14247541829
4,6,4,47.67,19.6,1.08,1881.26,6883408347
2,1,4,58.5,3.15,5.7,7365.71,8844873804
5,4,1,91.91,9.55,2.76,9773.85,2766972086
6,3,3,49.85,10.44,5.29,9624.81,2073511750
3,1,4,45.94,11.37,8.04,3049.41,23254006433
5,4,3,30.83,18.13,8.68,5718.47,13341073515
1,6,2,55.82,10.91,2.56,4899.15,15941611833
3,2,3,52.02,16.76,4.29,1274.01,6434141739
6,2,5,54.56,7.73,3.24,983.95,14686847790
3,1,4,45.05,17.16,4.25,6524.35,13951044636
4,5,6,49.42,13.08,3.12,4500.73,11401178748
4,5,5,42.56,10.95,7.61,4667.68,3149615415
6,3,6,97.63,3.39,1.3,8511.5,15469700387
6,4,3,77.82,13.06,7.43,2611.18,24451622940
3,3,5,96.57,13.15,3.81,3067.18,14014093756
1,6,1,57.79,12.3,6.5,4330.1,7548827060
4,3,3,78.6,6.79,8.05,9128.96,17630716270
4,5,6,82.76,10.91,1.72,6863.21,14546972454
2,4,3,65.6,7.5,3.02,414.94,23494559001
5,2,5,60.34,3.57,5.33,9874.22,252078217
3,6,6,72.1,12.29,5.37,158.82,17106040624
2,5,3,98.49,11.33,7.07,2423.42,5384522971
5,5,4,74.01,17.49,1.12,787.46,27176472472
2,3,5,39.56,8.06,3.19,2100.47,73737286
6,6,6,86.73,13.35,7.42,4626.67,22476705997
2,6,1,76.8,15.58,9.74,7697.18,6656347181
6,5,3,38.27,13.18,9.19,8956.85,7758789217
5,4,2,34.76,15.63,6.14,9602.93,28265115835
5,6,1,52.79,8.22,3.72,421.06,19664256713
1,4,3,97.2,11.78,6.02,3144.06,11276460991
6,6,4,62.92,15.93,3.43,258.13,4667967946
1,2,5,68.77,14.75,5.94,4713.57,27787701524
3,2,1,97.74,4.54,3.25,6822.21,9788609264
1,2,5,51.37,12.66,4.14,1299.1,9956684399
6,1,2,45.31,4.96,4.67,5630.68,21055395849
6,1,4,75.09,5.34,9.95,632.79,23763886705
5,6,1,43.81,3.89,3.17,2593.79,12347517718
3,3,1,37.43,3.21,6.64,3790.81,21421533660
6,4,4,93.6,16.37,1.03,2555.47,25711767593
2,4,6,72.14,7.33,5.9,5524.8,26227690627
2,3,4,78.76,9.75,5.81,1477.7,23281689004
1,3,1,42.48,3.52,2.95,5959.92,22488817159
5,5,1,58.92,18.38,2.25,997.44,21410644757
6,3,2,64.04,10.16,1.45,1212.93,15563759157
4,6,5,36.14,5.46,2.42,1123.7,13306338792
5,3,5,60.17,16.64,5.19,5099.64,15838229568
6,1,3,33.59,19.68,9.69,5001.53,22690417887
2,3,2,56.06,13.81,2.45,6683.95,24759823
6,1,2,40.68,5.8,6.51,3470.24,10931421025
6,5,6,88.78,10.39,8.6,5636.48,25247326174
2,4,2,61.74,16.48,9.27,7859.5,17574212506
5,1,4,63.22,11.4,9.24,5545.33,14749103890
4,4,1,76.54,9.93,6.96,2447.16,25552943399
2,3,4,98.61,9.92,8.31,1947.01,7315501061
4,4,6,89.51,5.14,2.54,5892.84,8270033778
2,2,5,36.54,9.93,7.98,681.18,26888736907
6,4,2,84.27,10.68,6.79,2010.55,3010682713
3,2,6,84.93,9.41,6.21,7817.12,28585535573
5,3,1,81.79,16.16,7.97,9075.98,13534120910
1,2,2,50.58,10.86,7.96,6112.19,8015692582
2,5,6,30.32,9.09,3.21,2053.2,30061587
3,3,5,75.44,6.93,3.86,8075.98,27337878493
5,3,2,85.56,9.9,8.59,2771.29,22993822335
2,3,6,78.44,4.36,7.02,4767.99,18050033213
1,4,1,56.42,9.1,1.92,7653.18,2419657647
6,5,2,39.27,5.17,6.9,2525.49,20373822447
5,5,2,40.25,17.83,4.83,6614.28,27490831860
1,1,2,89.47,17.68,1.77,4039.96,19920788218
1,3,1,63.87,6.91,1.65,6549.95,27569311405
2,6,4,98.45,3.38,8.9,9636.01,16619632166
4,4,6,62.5,10.43,4.37,7228.59,17848834249
3,2,5,32.77,14.99,8.69,4574.87,21293355441
6,2,6,86.13,10.69,9.19,7853.91,21108819427
3,4,1,31.2,9.94,7.79,4255.05,22032020606
3,5,1,30.22,4.71,7.87,7960.11,3970016173
3,4,1,79.4,18.27,5.74,7972.19,4399107658
2,2,4,55.97,11.89,9.24,5615.54,8369407881
4,4,2,87.33,4.43,9.08,5604.89,24382407813
5,5,2,82.14,13.3,4.71,4323.41,26668409015
1,1,3,58.44,13.07,7.37,2318.14,23399377565
4,3,3,84.45,11.04,3.15,6035.92,21388986307
2,6,4,93.61,11.2,7.51,2306.97,26915489839
5,4,5,69.76,10.68,2.67,2873.02,5908628827
6,5,1,66.4,15.0,6.49,8419.05,3013928697
6,6,5,97.04,6.91,9.37,2531.33,23319202370
6,2,2,58.41,14.56,1.09,5123.45,24774078904
5,2,5,74.49,13.15,6.52,2898.5,1899779162
2,3,4,84.64,19.67,3.69,2891.24,1168071587
5,3,3,56.11,15.36,2.61,8411.7,10819394433
4,1,5,47.12,12.43,7.37,2687.09,1266814683
1,5,5,65.21,14.91,9.58,5673.01,23343275064
3,4,5,83.05,4.49,2.16,8695.1,10125069668
2,4,6,92.87,19.41,1.97,7730.87,6188960529
5,1,5,50.96,9.05,6.49,5260.49,19851204745
1,1,4,94.34,12.1,6.52,9016.8,4564230477
3,4,1,67.44,8.08,9.73,8116.43,3134769594
6,1,1,50.57,16.05,6.73,4054.57,7809074520
3,3,5,84.58,5.03,5.69,7503.0,15427915340
4,6,4,62.24,16.08,3.43,4952.37,12177750552
4,1,4,90.93,11.68,2.72,1163.63,422446241
5,5,2,75.84,14.88,6.61,3185.27,22449475285
2,1,6,59.01,13.54,4.64,6520.29,23384511836
2,2,6,83.02,4.57,2.69,5048.88,2973026185
2,1,5,41.85,14.44,4.37,4868.53,1593232144
4,4,6,89.47,3.76,5.58,9714.03,5040215031
